{"frameRate":48,"name":"插屏视频前动画","version":"5.5","compatibleVersion":"5.5","armature":[{"type":"Armature","frameRate":48,"name":"Armature","aabb":{"x":-81.5,"y":-94.38,"width":165.08,"height":172.04},"bone":[{"name":"root"},{"length":127,"name":"1","parent":"root","transform":{"x":-70.2,"y":-67.4,"skX":-0.7642,"skY":-0.7642}},{"length":26,"name":"2","parent":"root","transform":{"x":-0.55,"y":-28.1,"skX":-88.8065,"skY":-88.8065}},{"length":37,"name":"4","parent":"root","transform":{"x":-14.6,"y":14.6,"skX":-2.5887,"skY":-2.5887}},{"length":93,"name":"3","parent":"root","transform":{"x":0.55,"y":-20.8,"skX":89.6621,"skY":89.6621}}],"slot":[{"name":"2","parent":"2"},{"name":"3","parent":"3"},{"name":"1","parent":"1"},{"name":"4","parent":"4"}],"skin":[{"slot":[{"name":"4","display":[{"name":"播放三角图","transform":{"x":21.57,"y":0.29,"skX":2.59,"skY":2.59}}]},{"name":"2","display":[{"name":"中间","transform":{"x":13.91,"y":0.26,"skX":88.81,"skY":88.81}}]},{"name":"3","display":[{"name":"下半","transform":{"x":46.96,"y":-0.25,"skX":-89.66,"skY":-89.66}}]},{"name":"1","display":[{"name":"最上部","transform":{"x":69.8,"y":-7.55,"skX":0.76,"skY":0.76}}]}]}],"animation":[{"duration":38,"playTimes":0,"name":"newAnimation","bone":[{"name":"1","scaleFrame":[{"duration":24},{"duration":6,"tweenEasing":0,"x":0.01},{"duration":4,"tweenEasing":0,"x":1.1},{"duration":4,"tweenEasing":0,"x":0.9},{"duration":0}]},{"name":"2","translateFrame":[{"duration":18},{"duration":3,"tweenEasing":0,"y":33.15},{"duration":17}]},{"name":"4","scaleFrame":[{"duration":3,"tweenEasing":0,"x":0.01,"y":0.01},{"duration":3,"tweenEasing":0,"x":1.3,"y":1.3},{"duration":32}]},{"name":"3","scaleFrame":[{"duration":6},{"duration":7,"tweenEasing":0,"y":0.01},{"duration":4,"tweenEasing":0,"y":1.2},{"duration":4,"tweenEasing":0,"y":0.8},{"duration":17}]}],"slot":[{"name":"3","colorFrame":[{"duration":6,"tweenEasing":0,"value":{"aM":0}},{"tweenEasing":0,"value":{"aM":0}},{"duration":14,"tweenEasing":0},{"tweenEasing":0},{"duration":6,"tweenEasing":0,"value":{"rM":0,"bM":11}},{"duration":5,"tweenEasing":0,"value":{"rM":28,"gM":46}},{"duration":5,"tweenEasing":0,"value":{"rM":19,"bM":63}},{"duration":0}]},{"name":"2","colorFrame":[{"duration":18,"tweenEasing":0,"value":{"aM":0}},{"tweenEasing":0,"value":{"aM":0}},{"duration":19}]},{"name":"1","colorFrame":[{"duration":24,"tweenEasing":0,"value":{"aM":0}},{"tweenEasing":0,"value":{"aM":0}},{"duration":13}]}]}],"defaultActions":[{"gotoAndPlay":"newAnimation"}]}]}