{"frameRate":24,"name":"xiayiguan","version":"5.5","compatibleVersion":"5.5","armature":[{"type":"Armature","frameRate":24,"name":"Armature","aabb":{"x":-97,"y":-100.5,"width":194,"height":201},"bone":[{"name":"root"},{"name":"bone31","parent":"root"},{"name":"bone3","parent":"root"},{"name":"bone21","parent":"bone31","transform":{"x":6.5421,"y":-5.6076}},{"name":"bone11","parent":"bone31"},{"name":"bone1","parent":"bone3"},{"name":"bone2","parent":"bone3","transform":{"x":6.5421,"y":-5.6076}}],"slot":[{"name":"下一关按钮底1","parent":"bone11"},{"name":"按钮上开始图标1","parent":"bone21"},{"name":"下一关按钮底","parent":"bone1"},{"name":"按钮上开始图标","parent":"bone2"}],"skin":[{"slot":[{"name":"按钮上开始图标","display":[{"name":"按钮上开始图标"}]},{"name":"下一关按钮底1","display":[{"name":"下一关按钮底"}]},{"name":"按钮上开始图标1","display":[{"name":"按钮上开始图标"}]},{"name":"下一关按钮底","display":[{"name":"下一关按钮底"}]}]}],"animation":[{"duration":120,"playTimes":0,"name":"yundong","bone":[{"name":"bone2","scaleFrame":[{"duration":15,"tweenEasing":0},{"duration":45,"tweenEasing":0,"x":1.2,"y":1.2},{"duration":15,"tweenEasing":0},{"duration":45,"x":1.2,"y":1.2}]},{"name":"bone3","scaleFrame":[{"duration":6,"tweenEasing":0},{"duration":3,"tweenEasing":0,"x":1.2,"y":1.2},{"duration":6,"tweenEasing":0},{"duration":10,"tweenEasing":0},{"duration":35,"tweenEasing":0,"x":1.4,"y":1.4},{"duration":6,"tweenEasing":0},{"duration":3,"tweenEasing":0,"x":1.2,"y":1.2},{"duration":6,"tweenEasing":0},{"duration":10,"tweenEasing":0},{"duration":35,"x":1.4,"y":1.4}]},{"name":"bone31","scaleFrame":[{"duration":6,"tweenEasing":0},{"duration":3,"tweenEasing":0,"x":1.2,"y":1.2},{"duration":111}]}],"slot":[{"name":"下一关按钮底","colorFrame":[{"duration":15,"tweenEasing":0},{"duration":14,"tweenEasing":0},{"duration":30,"tweenEasing":0,"value":{"aM":0}},{"tweenEasing":0,"value":{"aM":0}},{"duration":15,"tweenEasing":0},{"duration":14,"tweenEasing":0},{"duration":31,"value":{"aM":0}}]},{"name":"按钮上开始图标","colorFrame":[{"duration":15,"tweenEasing":0},{"duration":12,"tweenEasing":0},{"duration":32,"tweenEasing":0,"value":{"aM":0}},{"tweenEasing":0,"value":{"aM":0}},{"duration":15,"tweenEasing":0},{"duration":12,"tweenEasing":0},{"duration":33,"value":{"aM":0}}]}]}],"defaultActions":[{"gotoAndPlay":"yundong"}]}]}