{"frameRate":24,"name":"kaishianniu","version":"5.5","compatibleVersion":"5.5","armature":[{"type":"Armature","frameRate":24,"name":"Armature","aabb":{"x":-105,"y":88.05,"width":210,"height":212},"bone":[{"name":"root"},{"name":"按钮","parent":"root","transform":{"y":194.05}},{"name":"外圈","parent":"按钮"},{"name":"三角","parent":"按钮","transform":{"x":6.7096,"y":-10.8439}}],"slot":[{"name":"形状 25 拷贝 3","parent":"外圈"},{"name":"三角形 1 拷贝","parent":"三角"}],"skin":[{"slot":[{"name":"三角形 1 拷贝","display":[{"name":"三角形 1 拷贝"}]},{"name":"形状 25 拷贝 3","display":[{"name":"形状 25 拷贝 3"}]}]}],"animation":[{"duration":65,"playTimes":0,"name":"newAnimation","bone":[{"name":"三角","translateFrame":[{"duration":65,"y":6.35}],"scaleFrame":[{"duration":36,"tweenEasing":0},{"duration":29,"tweenEasing":0,"x":0.7,"y":0.7},{"duration":0}]},{"name":"按钮","translateFrame":[{"duration":32,"tweenEasing":0},{"duration":33,"tweenEasing":0,"y":24.09},{"duration":0}],"scaleFrame":[{"duration":32,"tweenEasing":0},{"duration":33,"tweenEasing":0,"x":0.8,"y":0.8},{"duration":0}]}],"slot":[{"name":"三角形 1 拷贝","colorFrame":[{"duration":65,"value":{"rM":36,"gM":81}}]}]}],"defaultActions":[{"gotoAndPlay":"newAnimation"}]}]}